<?xml version="1.0" encoding="UTF-8"?>
<project-private xmlns="http://www.netbeans.org/ns/project-private/1">
    <editor-bookmarks xmlns="http://www.netbeans.org/ns/editor-bookmarks/2" lastBookmarkId="0"/>
    <open-files xmlns="http://www.netbeans.org/ns/projectui-open-files/2">
        <group>
            <file>file:/C:/Users/Dell/Documents/NetBeansProjects/Hospital%20Management/src/Model/VitalSignHistory.java</file>
            <file>file:/C:/Users/Dell/Documents/NetBeansProjects/Hospital%20Management/src/hospital/management/HospitalManagement.java</file>
            <file>file:/C:/Users/Dell/Documents/NetBeansProjects/Hospital%20Management/src/Model/VitalSigns.java</file>
            <file>file:/C:/Users/Dell/Documents/NetBeansProjects/Hospital%20Management/src/Gui/MainJFrame.java</file>
            <file>file:/C:/Users/Dell/Documents/NetBeansProjects/Hospital%20Management/src/Gui/ViewJPanel.java</file>
            <file>file:/C:/Users/Dell/Documents/NetBeansProjects/Hospital%20Management/src/Gui/CreateJPanel.java</file>
        </group>
    </open-files>
</project-private>
